색상명,16진수 색상값,URL
AliceBlue,#F0F8FF,http://www.w3schools.com/colors/color_tryit.asp?color=AliceBlue
AntiqueWhite,#FAEBD7,http://www.w3schools.com/colors/color_tryit.asp?color=AntiqueWhite
Aqua,#00FFFF,http://www.w3schools.com/colors/color_tryit.asp?color=Aqua
Aquamarine,#7FFFD4,http://www.w3schools.com/colors/color_tryit.asp?color=Aquamarine
Azure,#F0FFFF,http://www.w3schools.com/colors/color_tryit.asp?color=Azure
Beige,#F5F5DC,http://www.w3schools.com/colors/color_tryit.asp?color=Beige
Bisque,#FFE4C4,http://www.w3schools.com/colors/color_tryit.asp?color=Bisque
Black,#000000,http://www.w3schools.com/colors/color_tryit.asp?color=Black
BlanchedAlmond,#FFEBCD,http://www.w3schools.com/colors/color_tryit.asp?color=BlanchedAlmond
Blue,#0000FF,http://www.w3schools.com/colors/color_tryit.asp?color=Blue
BlueViolet,#8A2BE2,http://www.w3schools.com/colors/color_tryit.asp?color=BlueViolet
Brown,#A52A2A,http://www.w3schools.com/colors/color_tryit.asp?color=Brown
BurlyWood,#DEB887,http://www.w3schools.com/colors/color_tryit.asp?color=BurlyWood
CadetBlue,#5F9EA0,http://www.w3schools.com/colors/color_tryit.asp?color=CadetBlue
Chartreuse,#7FFF00,http://www.w3schools.com/colors/color_tryit.asp?color=Chartreuse
Chocolate,#D2691E,http://www.w3schools.com/colors/color_tryit.asp?color=Chocolate
Coral,#FF7F50,http://www.w3schools.com/colors/color_tryit.asp?color=Coral
CornflowerBlue,#6495ED,http://www.w3schools.com/colors/color_tryit.asp?color=CornflowerBlue
Cornsilk,#FFF8DC,http://www.w3schools.com/colors/color_tryit.asp?color=Cornsilk
Crimson,#DC143C,http://www.w3schools.com/colors/color_tryit.asp?color=Crimson
Cyan,#00FFFF,http://www.w3schools.com/colors/color_tryit.asp?color=Cyan
DarkBlue,#00008B,http://www.w3schools.com/colors/color_tryit.asp?color=DarkBlue
DarkCyan,#008B8B,http://www.w3schools.com/colors/color_tryit.asp?color=DarkCyan
DarkGoldenRod,#B8860B,http://www.w3schools.com/colors/color_tryit.asp?color=DarkGoldenRod
DarkGray,#A9A9A9,http://www.w3schools.com/colors/color_tryit.asp?color=DarkGray
DarkGrey,#A9A9A9,http://www.w3schools.com/colors/color_tryit.asp?color=DarkGrey
DarkGreen,#006400,http://www.w3schools.com/colors/color_tryit.asp?color=DarkGreen
DarkKhaki,#BDB76B,http://www.w3schools.com/colors/color_tryit.asp?color=DarkKhaki
DarkMagenta,#8B008B,http://www.w3schools.com/colors/color_tryit.asp?color=DarkMagenta
DarkOliveGreen,#556B2F,http://www.w3schools.com/colors/color_tryit.asp?color=DarkOliveGreen
DarkOrange,#FF8C00,http://www.w3schools.com/colors/color_tryit.asp?color=DarkOrange
DarkOrchid,#9932CC,http://www.w3schools.com/colors/color_tryit.asp?color=DarkOrchid
DarkRed,#8B0000,http://www.w3schools.com/colors/color_tryit.asp?color=DarkRed
DarkSalmon,#E9967A,http://www.w3schools.com/colors/color_tryit.asp?color=DarkSalmon
DarkSeaGreen,#8FBC8F,http://www.w3schools.com/colors/color_tryit.asp?color=DarkSeaGreen
DarkSlateBlue,#483D8B,http://www.w3schools.com/colors/color_tryit.asp?color=DarkSlateBlue
DarkSlateGray,#2F4F4F,http://www.w3schools.com/colors/color_tryit.asp?color=DarkSlateGray
DarkSlateGrey,#2F4F4F,http://www.w3schools.com/colors/color_tryit.asp?color=DarkSlateGrey
DarkTurquoise,#00CED1,http://www.w3schools.com/colors/color_tryit.asp?color=DarkTurquoise
DarkViolet,#9400D3,http://www.w3schools.com/colors/color_tryit.asp?color=DarkViolet
DeepPink,#FF1493,http://www.w3schools.com/colors/color_tryit.asp?color=DeepPink
DeepSkyBlue,#00BFFF,http://www.w3schools.com/colors/color_tryit.asp?color=DeepSkyBlue
DimGray,#696969,http://www.w3schools.com/colors/color_tryit.asp?color=DimGray
DimGrey,#696969,http://www.w3schools.com/colors/color_tryit.asp?color=DimGrey
DodgerBlue,#1E90FF,http://www.w3schools.com/colors/color_tryit.asp?color=DodgerBlue
FireBrick,#B22222,http://www.w3schools.com/colors/color_tryit.asp?color=FireBrick
FloralWhite,#FFFAF0,http://www.w3schools.com/colors/color_tryit.asp?color=FloralWhite
ForestGreen,#228B22,http://www.w3schools.com/colors/color_tryit.asp?color=ForestGreen
Fuchsia,#FF00FF,http://www.w3schools.com/colors/color_tryit.asp?color=Fuchsia
Gainsboro,#DCDCDC,http://www.w3schools.com/colors/color_tryit.asp?color=Gainsboro
GhostWhite,#F8F8FF,http://www.w3schools.com/colors/color_tryit.asp?color=GhostWhite
Gold,#FFD700,http://www.w3schools.com/colors/color_tryit.asp?color=Gold
GoldenRod,#DAA520,http://www.w3schools.com/colors/color_tryit.asp?color=GoldenRod
Gray,#808080,http://www.w3schools.com/colors/color_tryit.asp?color=Gray
Grey,#808080,http://www.w3schools.com/colors/color_tryit.asp?color=Grey
Green,#008000,http://www.w3schools.com/colors/color_tryit.asp?color=Green
GreenYellow,#ADFF2F,http://www.w3schools.com/colors/color_tryit.asp?color=GreenYellow
HoneyDew,#F0FFF0,http://www.w3schools.com/colors/color_tryit.asp?color=HoneyDew
HotPink,#FF69B4,http://www.w3schools.com/colors/color_tryit.asp?color=HotPink
IndianRed ,#CD5C5C,http://www.w3schools.com/colors/color_tryit.asp?color=IndianRed 
Indigo  ,#4B0082,http://www.w3schools.com/colors/color_tryit.asp?color=Indigo  
Ivory,#FFFFF0,http://www.w3schools.com/colors/color_tryit.asp?color=Ivory
Khaki,#F0E68C,http://www.w3schools.com/colors/color_tryit.asp?color=Khaki
Lavender,#E6E6FA,http://www.w3schools.com/colors/color_tryit.asp?color=Lavender
LavenderBlush,#FFF0F5,http://www.w3schools.com/colors/color_tryit.asp?color=LavenderBlush
LawnGreen,#7CFC00,http://www.w3schools.com/colors/color_tryit.asp?color=LawnGreen
LemonChiffon,#FFFACD,http://www.w3schools.com/colors/color_tryit.asp?color=LemonChiffon
LightBlue,#ADD8E6,http://www.w3schools.com/colors/color_tryit.asp?color=LightBlue
LightCoral,#F08080,http://www.w3schools.com/colors/color_tryit.asp?color=LightCoral
LightCyan,#E0FFFF,http://www.w3schools.com/colors/color_tryit.asp?color=LightCyan
LightGoldenRodYellow,#FAFAD2,http://www.w3schools.com/colors/color_tryit.asp?color=LightGoldenRodYellow
LightGray,#D3D3D3,http://www.w3schools.com/colors/color_tryit.asp?color=LightGray
LightGrey,#D3D3D3,http://www.w3schools.com/colors/color_tryit.asp?color=LightGrey
LightGreen,#90EE90,http://www.w3schools.com/colors/color_tryit.asp?color=LightGreen
LightPink,#FFB6C1,http://www.w3schools.com/colors/color_tryit.asp?color=LightPink
LightSalmon,#FFA07A,http://www.w3schools.com/colors/color_tryit.asp?color=LightSalmon
LightSeaGreen,#20B2AA,http://www.w3schools.com/colors/color_tryit.asp?color=LightSeaGreen
LightSkyBlue,#87CEFA,http://www.w3schools.com/colors/color_tryit.asp?color=LightSkyBlue
LightSlateGray,#778899,http://www.w3schools.com/colors/color_tryit.asp?color=LightSlateGray
LightSlateGrey,#778899,http://www.w3schools.com/colors/color_tryit.asp?color=LightSlateGrey
LightSteelBlue,#B0C4DE,http://www.w3schools.com/colors/color_tryit.asp?color=LightSteelBlue
LightYellow,#FFFFE0,http://www.w3schools.com/colors/color_tryit.asp?color=LightYellow
Lime,#00FF00,http://www.w3schools.com/colors/color_tryit.asp?color=Lime
LimeGreen,#32CD32,http://www.w3schools.com/colors/color_tryit.asp?color=LimeGreen
Linen,#FAF0E6,http://www.w3schools.com/colors/color_tryit.asp?color=Linen
Magenta,#FF00FF,http://www.w3schools.com/colors/color_tryit.asp?color=Magenta
Maroon,#800000,http://www.w3schools.com/colors/color_tryit.asp?color=Maroon
MediumAquaMarine,#66CDAA,http://www.w3schools.com/colors/color_tryit.asp?color=MediumAquaMarine
MediumBlue,#0000CD,http://www.w3schools.com/colors/color_tryit.asp?color=MediumBlue
MediumOrchid,#BA55D3,http://www.w3schools.com/colors/color_tryit.asp?color=MediumOrchid
MediumPurple,#9370DB,http://www.w3schools.com/colors/color_tryit.asp?color=MediumPurple
MediumSeaGreen,#3CB371,http://www.w3schools.com/colors/color_tryit.asp?color=MediumSeaGreen
MediumSlateBlue,#7B68EE,http://www.w3schools.com/colors/color_tryit.asp?color=MediumSlateBlue
MediumSpringGreen,#00FA9A,http://www.w3schools.com/colors/color_tryit.asp?color=MediumSpringGreen
MediumTurquoise,#48D1CC,http://www.w3schools.com/colors/color_tryit.asp?color=MediumTurquoise
MediumVioletRed,#C71585,http://www.w3schools.com/colors/color_tryit.asp?color=MediumVioletRed
MidnightBlue,#191970,http://www.w3schools.com/colors/color_tryit.asp?color=MidnightBlue
MintCream,#F5FFFA,http://www.w3schools.com/colors/color_tryit.asp?color=MintCream
MistyRose,#FFE4E1,http://www.w3schools.com/colors/color_tryit.asp?color=MistyRose
Moccasin,#FFE4B5,http://www.w3schools.com/colors/color_tryit.asp?color=Moccasin
NavajoWhite,#FFDEAD,http://www.w3schools.com/colors/color_tryit.asp?color=NavajoWhite
Navy,#000080,http://www.w3schools.com/colors/color_tryit.asp?color=Navy
OldLace,#FDF5E6,http://www.w3schools.com/colors/color_tryit.asp?color=OldLace
Olive,#808000,http://www.w3schools.com/colors/color_tryit.asp?color=Olive
OliveDrab,#6B8E23,http://www.w3schools.com/colors/color_tryit.asp?color=OliveDrab
Orange,#FFA500,http://www.w3schools.com/colors/color_tryit.asp?color=Orange
OrangeRed,#FF4500,http://www.w3schools.com/colors/color_tryit.asp?color=OrangeRed
Orchid,#DA70D6,http://www.w3schools.com/colors/color_tryit.asp?color=Orchid
PaleGoldenRod,#EEE8AA,http://www.w3schools.com/colors/color_tryit.asp?color=PaleGoldenRod
PaleGreen,#98FB98,http://www.w3schools.com/colors/color_tryit.asp?color=PaleGreen
PaleTurquoise,#AFEEEE,http://www.w3schools.com/colors/color_tryit.asp?color=PaleTurquoise
PaleVioletRed,#DB7093,http://www.w3schools.com/colors/color_tryit.asp?color=PaleVioletRed
PapayaWhip,#FFEFD5,http://www.w3schools.com/colors/color_tryit.asp?color=PapayaWhip
PeachPuff,#FFDAB9,http://www.w3schools.com/colors/color_tryit.asp?color=PeachPuff
Peru,#CD853F,http://www.w3schools.com/colors/color_tryit.asp?color=Peru
Pink,#FFC0CB,http://www.w3schools.com/colors/color_tryit.asp?color=Pink
Plum,#DDA0DD,http://www.w3schools.com/colors/color_tryit.asp?color=Plum
PowderBlue,#B0E0E6,http://www.w3schools.com/colors/color_tryit.asp?color=PowderBlue
Purple,#800080,http://www.w3schools.com/colors/color_tryit.asp?color=Purple
RebeccaPurple,#663399,http://www.w3schools.com/colors/color_tryit.asp?color=RebeccaPurple
Red,#FF0000,http://www.w3schools.com/colors/color_tryit.asp?color=Red
RosyBrown,#BC8F8F,http://www.w3schools.com/colors/color_tryit.asp?color=RosyBrown
RoyalBlue,#4169E1,http://www.w3schools.com/colors/color_tryit.asp?color=RoyalBlue
SaddleBrown,#8B4513,http://www.w3schools.com/colors/color_tryit.asp?color=SaddleBrown
Salmon,#FA8072,http://www.w3schools.com/colors/color_tryit.asp?color=Salmon
SandyBrown,#F4A460,http://www.w3schools.com/colors/color_tryit.asp?color=SandyBrown
SeaGreen,#2E8B57,http://www.w3schools.com/colors/color_tryit.asp?color=SeaGreen
SeaShell,#FFF5EE,http://www.w3schools.com/colors/color_tryit.asp?color=SeaShell
Sienna,#A0522D,http://www.w3schools.com/colors/color_tryit.asp?color=Sienna
Silver,#C0C0C0,http://www.w3schools.com/colors/color_tryit.asp?color=Silver
SkyBlue,#87CEEB,http://www.w3schools.com/colors/color_tryit.asp?color=SkyBlue
SlateBlue,#6A5ACD,http://www.w3schools.com/colors/color_tryit.asp?color=SlateBlue
SlateGray,#708090,http://www.w3schools.com/colors/color_tryit.asp?color=SlateGray
SlateGrey,#708090,http://www.w3schools.com/colors/color_tryit.asp?color=SlateGrey
Snow,#FFFAFA,http://www.w3schools.com/colors/color_tryit.asp?color=Snow
SpringGreen,#00FF7F,http://www.w3schools.com/colors/color_tryit.asp?color=SpringGreen
SteelBlue,#4682B4,http://www.w3schools.com/colors/color_tryit.asp?color=SteelBlue
Tan,#D2B48C,http://www.w3schools.com/colors/color_tryit.asp?color=Tan
Teal,#008080,http://www.w3schools.com/colors/color_tryit.asp?color=Teal
Thistle,#D8BFD8,http://www.w3schools.com/colors/color_tryit.asp?color=Thistle
Tomato,#FF6347,http://www.w3schools.com/colors/color_tryit.asp?color=Tomato
Turquoise,#40E0D0,http://www.w3schools.com/colors/color_tryit.asp?color=Turquoise
Violet,#EE82EE,http://www.w3schools.com/colors/color_tryit.asp?color=Violet
Wheat,#F5DEB3,http://www.w3schools.com/colors/color_tryit.asp?color=Wheat
White,#FFFFFF,http://www.w3schools.com/colors/color_tryit.asp?color=White
WhiteSmoke,#F5F5F5,http://www.w3schools.com/colors/color_tryit.asp?color=WhiteSmoke
Yellow,#FFFF00,http://www.w3schools.com/colors/color_tryit.asp?color=Yellow
YellowGreen,#9ACD32,http://www.w3schools.com/colors/color_tryit.asp?color=YellowGreen
